Item Name,Reference Price (Rp)
Tas 4066,819249
Laptop 2609,1952630
Voucher 1772,7002333
Drone 635,7464356
Pulpen 3645,6389599
Kaos 7542,2083581
AC Portable 5001,9191874
Banner 3653,4250244
Kursi 3165,7969049
Drone 5379,2579046
Laptop 1138,3457632
Laptop 5754,166104
Goodie Bag 8347,5061895
Drone 8786,7071051
Proyektor 453,1704160
Sound System 4280,8739340
Spanduk 9513,4539464
Laptop 627,2311222
Sound System 9775,7036730
Kamera 5664,1770168
Proyektor 7150,8592968
Gantungan Kunci 8380,1985258
Sound System 6312,4753032
Kipas 3115,1922813
Laptop 728,1792809
Voucher 7145,8360675
Kursi 8519,3342737
Tumbler 3229,3361238
AC Portable 7067,4422305
Tenda 5410,8786935
Gantungan Kunci 5144,3393514
Tas 2042,6014931
Printer 8309,6884568
Printer 6692,4965170
Proyektor 6593,2700622
Voucher 4845,671118
Tumbler 2086,9206242
Kaos 6889,8337450
Tas 6212,3494526
Tas 2852,8074202
Gantungan Kunci 9325,5556608
Printer 6654,3944345
Tumbler 7,55936
Printer 4701,223899
Kaos 7044,1503219
Kipas 9940,1862723
Goodie Bag 5280,9642684
Souvenir 7239,8299690
Souvenir 3502,2512229
Notebook 7753,1521336
Spanduk 1390,8594991
Printer 8446,1269100
Tas 5492,1709372
Tenda 3849,4303157
Tas 5086,3888226
Banner 3263,7673014
Backdrop 401,4976428
Meja 4012,4441282
Pulpen 1194,7799281
Souvenir 6791,850206
Goodie Bag 9432,1684515
Kaos 6292,2941009
Pulpen 6548,671769
Banner 2418,4884908
Goodie Bag 91,6053399
Sound System 6966,5256354
Banner 2882,7157013
Voucher 8487,1954497
Souvenir 823,1603809
Tumbler 4083,779891
Sound System 7479,172274
Backdrop 7613,2331873
Tas 8703,2870721
Tumbler 9756,5524013
Proyektor 7252,6008314
Gantungan Kunci 8271,7353630
Kamera 8977,4511484
Souvenir 2608,1569464
Pulpen 7374,6261562
Laptop 4051,5759933
Goodie Bag 4544,3078039
Notebook 7940,1919784
Goodie Bag 3920,6733930
Laptop 7207,6725084
Tenda 4682,7669448
Banner 4452,4570602
Proyektor 5239,6481232
Tumbler 1321,8033619
Backdrop 2472,7085620
Banner 6276,2808082
Voucher 2504,1906774
Voucher 3506,2233175
Tenda 6798,993923
Kamera 5422,2684211
Tumbler 7634,1750017
Kamera 1021,6989786
Kaos 6884,9921145
Drone 9570,8107940
Voucher 321,9555286
Kipas 6233,7361152
Pulpen 97,3051047
AC Portable 4893,6381160
Drone 6866,6026291
Tumbler 8948,493456
Gantungan Kunci 3614,2202032
Pulpen 3596,8114731
Laptop 7141,8199341
Pulpen 476,1904776
Drone 5508,6910204
Tas 6625,7403515
Spanduk 7658,781287
Backdrop 8752,1072602
Kursi 6456,4399135
Kipas 9247,5282037
Tas 445,217369
Tenda 7023,8814983
Backdrop 7565,9684564
Spanduk 824,9489332
Laptop 6212,3767843
Proyektor 3468,5685742
Souvenir 5356,8719047
Proyektor 6212,8786214
Laptop 6907,1607897
Laptop 1342,7271982
Pulpen 318,4180429
Tumbler 854,8095438
AC Portable 3674,5810713
Goodie Bag 1125,6467158
Goodie Bag 660,2504007
Kursi 4052,9377461
Kaos 334,925467
Gantungan Kunci 2497,205368
Banner 2069,2642804
Pulpen 1875,8492016
Kipas 3572,7883361
Souvenir 4199,8328729
AC Portable 2750,2785016
Gantungan Kunci 9950,1266030
Voucher 1877,8258484
Spanduk 5097,5389342
Sound System 9482,4051494
Kursi 5112,5561494
Kipas 6150,4676702
Drone 3250,854744
Tenda 9701,8514862
Voucher 3979,3746395
Sound System 4942,9245783
Tas 9838,6362484
Sound System 9273,6775865
Meja 5689,3952645
Tumbler 7019,1332557
Tas 6072,7712329
Tenda 8290,7462252
Goodie Bag 5591,9623930
Kursi 6883,7527846
Pulpen 1730,1486728
Kamera 5935,8372706
Goodie Bag 7533,7510558
Voucher 2507,5312632
Kamera 2886,2001570
Notebook 4426,8354540
Gantungan Kunci 8818,308116
Pulpen 7617,1732069
Kamera 9708,6778594
Laptop 5281,6927892
Banner 1420,611160
Laptop 7386,9357107
Banner 7614,9222349
Kipas 6210,12847
Proyektor 471,1534974
Pulpen 5326,5120305
Spanduk 7989,8538492
Kaos 5814,9444375
Laptop 5577,3480388
Laptop 9768,7663898
Voucher 4527,5728584
Tumbler 167,6105875
Notebook 3131,920586
Tenda 3955,3749945
Kamera 8005,7634573
Tumbler 3938,5579576
Voucher 7801,9407771
Goodie Bag 8042,7947865
Souvenir 283,6105071
Tenda 4821,7602234
Banner 6626,1922994
Voucher 3987,1644721
Printer 9529,3730299
AC Portable 7754,46858
Tumbler 8699,5737022
AC Portable 6972,5968243
Tumbler 5420,4908671
AC Portable 7435,9198723
Laptop 5024,8767456
Laptop 3778,6282839
Sound System 3156,1793791
Proyektor 1959,778029
Tumbler 3034,2764070
Kaos 3546,8271472
Pulpen 4531,2366346
Kipas 8596,6875417
Gantungan Kunci 4637,1804516
Sound System 3181,4276266
Printer 3728,3297016
AC Portable 2940,3156456
Printer 232,2035778
Voucher 8752,6601709
Backdrop 4495,3626991
Meja 894,7677959
Tumbler 4787,3207381
Voucher 2069,5679584
Goodie Bag 8043,1818009
Sound System 201,6963658
Kipas 4659,790146
Pulpen 7844,9888611
Souvenir 5583,2077274
Spanduk 842,7568212
Laptop 7828,7683695
Sound System 1071,9897084
Drone 8057,8469031
Tenda 9454,2268817
Goodie Bag 879,8378955
Backdrop 2445,82773
Kipas 4979,8908037
Tenda 4067,824896
Sound System 9144,9291597
Kamera 9934,7271353
Gantungan Kunci 3698,9826696
Notebook 6233,8112253
Souvenir 7254,8538410
Printer 9643,2982963
Kamera 5004,9716531
Kipas 987,2923368
Gantungan Kunci 1626,2163888
Kaos 3458,1747347
Laptop 1331,6509587
Spanduk 3930,5409642
Spanduk 9044,8467564
Tenda 2565,6463568
Kursi 6694,7034028
Souvenir 9730,4174755
Pulpen 4772,4600177
Meja 3793,6685150
Printer 4633,5762216
Voucher 7439,4945413
Tenda 3825,7607490
Laptop 9664,2247608
Tas 3242,2328275
Kamera 1881,6934719
Tumbler 3684,8604877
Goodie Bag 2442,5024930
Laptop 2331,9200659
Tenda 978,5276549
Spanduk 5040,9297557
Gantungan Kunci 9326,3656403
Printer 7196,3380359
Sound System 7680,3528395
Voucher 4983,4885114
Voucher 6595,5803064
Laptop 8200,2235862
Tumbler 8091,2993202
Souvenir 1318,8463929
Gantungan Kunci 654,9111496
Kamera 5281,5418662
Gantungan Kunci 4103,1946178
Kursi 1497,5919569
Banner 9425,9443496
Kipas 340,8069269
Tas 4416,9787866
Kipas 660,9583720
Spanduk 7709,7014117
Notebook 7246,8967402
Laptop 2974,4807075
Kipas 7142,7096467
Goodie Bag 8057,224253
Tenda 7701,8779953
AC Portable 6691,1796278
Proyektor 5261,433996
Tas 1714,6399943
Spanduk 5404,2448177
Kamera 8118,900282
Printer 6562,959670
Tumbler 602,3363806
Souvenir 1443,4489152
Proyektor 4136,2710047
Proyektor 1900,4818610
Drone 8432,4213716
Kursi 8890,2466660
Souvenir 6771,1050738
Meja 3074,4961637
Notebook 5928,3432567
Gantungan Kunci 8168,9089361
Goodie Bag 7243,552011
Meja 3336,6027692
Laptop 8999,7603275
Backdrop 4720,1729329
Souvenir 7942,9436865
Sound System 473,3773253
Goodie Bag 9976,9426557
Banner 2595,6534435
Printer 9025,3996190
Kursi 9049,8581853
Kamera 1528,4835775
Banner 1859,798191
Souvenir 1925,6411894
Goodie Bag 2523,6512088
Pulpen 4782,6998821
Notebook 4480,5255463
Kamera 7906,9273113
Pulpen 3994,912651
Souvenir 9032,227520
Backdrop 6285,4226804
Kaos 9821,3417238
Notebook 2237,7443377
Tenda 4527,3794075
Kamera 5569,6179672
Notebook 4378,9881467
Kursi 4635,9180680
Printer 9617,3306204
Kipas 8023,3256352
Backdrop 7317,4945483
Tumbler 7936,7539864
AC Portable 5447,2986712
Tumbler 8904,1259382
Drone 7461,3146946
Proyektor 3091,2925798
Voucher 3913,8630919
Kipas 6275,2012424
Banner 6731,6338336
Meja 5214,691729
Pulpen 6247,7199168
Drone 2493,4692726
Pulpen 607,9348175
Backdrop 8230,4443204
Kipas 5440,2192154
Sound System 7214,2709938
Sound System 8618,9807660
Souvenir 252,4288461
Backdrop 6718,104709
Goodie Bag 2530,5555923
Tenda 7693,7833741
Laptop 5547,2607208
Gantungan Kunci 6513,680091
Goodie Bag 1316,2588714
Proyektor 8743,5422833
Drone 5189,863212
Goodie Bag 7995,5062539
Tumbler 589,8240079
Gantungan Kunci 1122,9617925
Banner 4709,9240156
Banner 1481,6017679
Kamera 1613,1232736
Goodie Bag 1647,5342789
Souvenir 2726,8824666
Voucher 4907,3700350
Kursi 754,3094811
Proyektor 920,8744324
Printer 5874,1153811
AC Portable 7057,8484848
Backdrop 4001,2683793
Notebook 6752,6988168
Kipas 2951,9121373
Spanduk 2869,9019968
Tenda 9986,6778215
Drone 3946,1552590
Pulpen 9555,5872008
Backdrop 3805,3721087
Souvenir 4162,3589482
Souvenir 4184,5578081
Tas 154,5564374
Souvenir 4713,6063183
Tas 8956,4935360
Spanduk 1211,3674903
Souvenir 5662,8910294
Kipas 4902,7976781
Goodie Bag 6952,9427633
Voucher 4098,157701
Souvenir 4950,1934714
Kaos 6303,5815039
Pulpen 1748,7487055
Banner 6249,4042368
Kipas 5882,4100740
Kipas 4848,679029
Voucher 4838,5394429
Kursi 6485,6408370
Laptop 133,1912100
Kipas 804,6483923
Gantungan Kunci 8139,4314875
Printer 3771,9073678
Gantungan Kunci 5773,4755083
Banner 3116,424493
Gantungan Kunci 4107,8681603
Tas 2241,6300752
Goodie Bag 1592,8638674
Goodie Bag 646,8545166
Printer 7223,7485204
Meja 9496,8177227
AC Portable 2154,745708
Tenda 4836,4983336
Proyektor 6808,3239821
Spanduk 3290,5383956
Backdrop 8838,8631722
AC Portable 8698,1391527
Notebook 4466,1619881
Spanduk 4211,2818418
Pulpen 4836,9035719
Proyektor 1887,8955709
Souvenir 1234,132986
Backdrop 3697,1108434
Tas 6512,3546326
Tumbler 5993,3586485
Tenda 6465,7127053
Kursi 4333,1753602
Tumbler 2025,3459052
Souvenir 6039,9032018
Tas 4296,7312077
Kipas 6243,1219981
Goodie Bag 6087,2589573
Sound System 3831,408508
Pulpen 411,7714520
Gantungan Kunci 9199,5575260
Proyektor 9996,645626
Banner 1036,1478357
Goodie Bag 7607,1238898
Voucher 4952,920467
Goodie Bag 6690,2996212
Sound System 2291,4236314
Meja 610,9373099
Printer 8072,1191822
Sound System 1593,9656266
Banner 8808,3829259
Backdrop 6368,4349392
Souvenir 6079,6848943
Tas 8851,6520106
Kamera 9623,7578632
Backdrop 6798,6795511
Goodie Bag 1623,7274954
Pulpen 6687,5318382
Laptop 537,293383
Voucher 6071,6544756
Kaos 7265,1994841
Souvenir 3869,8983031
AC Portable 1628,108967
Tas 6019,1070950
Tumbler 5877,9834872
Meja 6524,773646
Laptop 3110,1227848
Sound System 7451,6011212
Tenda 3476,8446204
Goodie Bag 9784,1790658
Kursi 829,4872651
Proyektor 3991,5065825
Backdrop 9251,1461316
Kaos 1125,4733078
Tumbler 3395,7352987
Kipas 3539,6409057
Banner 5384,6638900
Backdrop 9765,527059
Kursi 4543,7962193
Backdrop 2130,2632672
Tumbler 4107,8960103
Spanduk 1802,3698734
Tas 423,2298101
Backdrop 244,6569766
AC Portable 3899,9165737
Kipas 5305,4958917
Kursi 2855,2427186
Laptop 859,5010558
Backdrop 6898,6270091
Notebook 1863,197069
Tenda 7803,9296594
Souvenir 5932,9322525
Notebook 9727,2381859
Sound System 7406,2077542
Notebook 3630,710837
Gantungan Kunci 711,94386
Tas 8544,9618623
Printer 7505,6621593
Goodie Bag 511,9021915
Meja 7848,9195952
Drone 6985,1438191
Tas 1769,5121869
Pulpen 7268,3534102
Tenda 1324,5778873
Proyektor 9967,3562356
Backdrop 1077,6933193
Backdrop 4506,8609207
Gantungan Kunci 9591,2400000
Tumbler 5328,2710366
Drone 9788,3096885
Notebook 4832,3714207
Souvenir 8283,4250303
Gantungan Kunci 7049,3270252
Sound System 1875,1933047
Goodie Bag 9034,3052682
Kaos 7047,9527591
Souvenir 3744,922484
Kamera 5554,9218193
Souvenir 6533,7748745
Kamera 1558,9231841
Proyektor 6993,1237162
Proyektor 4177,4886342
AC Portable 2501,1140159
Tas 7771,4215840
Tenda 1495,1657562
Tenda 1528,3322117
Kamera 1583,9750778
AC Portable 2132,8183698
Tumbler 983,5560757
Kipas 9202,6001787
Tumbler 5401,2161093
Tas 2003,3944808
Kamera 5794,1688477
Tas 6930,4793807
Meja 4713,1181198
Gantungan Kunci 5120,3256367
AC Portable 1698,5341563
Kipas 8314,8161398
Kaos 2536,7570584
Tas 7901,5518733
Banner 1774,5138383
AC Portable 9114,9810745
AC Portable 1883,2566763
Laptop 9407,9498388
Banner 7031,9520364
Tumbler 9122,6125185
Kursi 9978,5317189
Tas 4382,7195805
Kursi 2956,2839301
Laptop 5063,91065
Proyektor 5752,5264872
Kursi 2973,4140133
Backdrop 9279,3726584
Tas 6567,7326947
Tenda 2325,4651917
Goodie Bag 503,6041174
Tenda 8692,2263277
Kaos 6164,5572703
Kamera 7433,8062291
Proyektor 2579,7775307
AC Portable 5106,7481866
Proyektor 9300,6028685
Gantungan Kunci 1392,5134966
Meja 2550,8180024
Spanduk 816,9265517
Tas 1337,1835908
Laptop 7260,2958933
Tas 6948,1385290
Pulpen 9947,4717954
Souvenir 6786,2358838
Laptop 3532,9046511
Notebook 1865,3305580
AC Portable 7044,4426344
Sound System 4641,1292825
Tas 9718,1275001
Pulpen 8634,322564
Tas 5054,8519040
Meja 3613,533352
Drone 9820,9772502
Meja 126,9722343
Kaos 4939,6807028
Kaos 2249,9909166
Laptop 4743,3579531
Proyektor 1966,624990
Kursi 8150,9264211
Kamera 2879,4382416
Backdrop 6230,9127902
Tumbler 3771,9064279
Notebook 9155,7930589
Tas 5803,2503647
Tenda 6506,6147418
Meja 7148,6595029
Kursi 7533,3756463
Tenda 5130,9901859
Kipas 7034,4892155
Kipas 6627,2256154
Voucher 6844,7806391
Printer 1888,8417451
Drone 342,8573292
Proyektor 2816,1529244
Gantungan Kunci 7539,6666950
Voucher 5929,6114651
Tenda 7156,8434968
Sound System 3987,187698
Kamera 9649,4017754
Drone 8585,2792393
Tenda 6485,8635782
Printer 5563,2365029
Banner 5457,7496336
Spanduk 1252,2681308
Notebook 1869,3015557
Notebook 8356,9511897
Kaos 5725,9502759
AC Portable 2420,2462813
Banner 1685,8121841
Backdrop 4194,6029590
Kaos 2843,688132
Gantungan Kunci 2505,3681175
Goodie Bag 1235,8191277
Spanduk 8096,3898118
Souvenir 9237,1064635
Kipas 7355,4445176
Tas 9249,6208093
Goodie Bag 5296,3936181
Goodie Bag 5180,728206
Backdrop 7206,3479093
Tenda 7683,8698672
Souvenir 4962,6070792
Laptop 9690,6521121
Meja 5767,7889825
Notebook 1216,7637651
Printer 7566,789091
Souvenir 617,679489
Meja 6042,5447011
Printer 1258,1741828
Goodie Bag 1480,8757185
Gantungan Kunci 9734,4598489
Notebook 6300,4427710
Souvenir 9509,9717824
Tumbler 673,9142678
Souvenir 9367,9575700
Goodie Bag 3085,2926715
Proyektor 9913,6329298
Pulpen 8215,6360486
Backdrop 1014,6138662
Souvenir 1696,9869614
Proyektor 1382,1315896
Notebook 2828,8678165
Meja 4060,4230919
Voucher 7173,6323749
Souvenir 8587,3749628
Notebook 9992,8673280
Spanduk 5963,6818902
AC Portable 4635,5930646
Drone 6698,5798681
Proyektor 9796,8178181
Meja 5483,8098465
Tenda 5402,120690
Sound System 9142,8429427
Tas 6334,2341501
Printer 4129,7390275
Tas 9875,2788404
Backdrop 5462,3868604
Tenda 9548,1303325
Tas 2318,8642570
AC Portable 5083,4721201
Goodie Bag 6422,3558668
Backdrop 9750,2530615
Voucher 1389,3145756
Printer 9158,2650018
Drone 5382,6087092
Backdrop 8625,1995251
Tenda 6938,3874570
Notebook 5929,6966063
Kursi 5941,5550252
Printer 2954,1911507
Kaos 5599,8088508
Pulpen 3146,8043176
Banner 2254,8046641
Backdrop 1265,3545025
Printer 1658,9921826
Notebook 8844,2715263
Notebook 619,6903744
Tas 5518,386582
Gantungan Kunci 2148,4098109
Gantungan Kunci 6173,733841
Backdrop 2659,2155556
Spanduk 2713,9631507
Souvenir 716,9947944
Kamera 5969,2713298
Tas 3892,2270294
Souvenir 4669,8610719
Souvenir 3834,667513
Tumbler 3919,9611085
Printer 7685,2473987
Kaos 6027,948047
Tas 9346,2800745
Souvenir 7565,4342877
Printer 6257,3030528
Notebook 8642,8677792
Kamera 2656,6812428
Kaos 9907,9465717
Backdrop 4097,322392
Meja 7874,4765579
AC Portable 9086,1448621
Sound System 8453,3643834
Sound System 4671,7546381
Tenda 2627,7919005
Laptop 7362,8091054
Notebook 2415,2871635
Kamera 1503,3690314
Banner 7392,6901524
AC Portable 437,2404312
Kamera 873,9785180
Drone 8225,3061509
AC Portable 3863,8579884
Drone 1338,4447920
AC Portable 3679,2823903
Kursi 5222,5759069
Sound System 5494,7617966
Backdrop 2255,9918556
Meja 4701,1164992
Pulpen 2274,3865635
Voucher 7686,6355333
Souvenir 87,6476977
Tenda 312,2228169
Laptop 3534,1831504
Backdrop 8992,287874
Gantungan Kunci 8648,3404845
Kamera 1822,8779641
Printer 3894,8471748
Printer 1997,7052991
Meja 3907,2519220
Kamera 7490,1625622
Tenda 1817,2986650
Pulpen 9777,7993760
Tumbler 270,664924
Goodie Bag 8444,8925915
Kipas 3964,8454462
Voucher 2353,1981598
Printer 7033,1573468
Kursi 5781,8100660
Banner 9350,2196555
Kamera 3069,9057717
Tas 1403,30136
Notebook 5909,7249315
Tenda 8619,8768448
Tumbler 8313,7067906
Notebook 9080,6223902
Kursi 6398,738773
Pulpen 714,8898846
Goodie Bag 6339,7206691
AC Portable 4156,3860140
Kursi 5851,8098689
Tenda 5650,6406087
Banner 1699,5890713
Kipas 5448,9892586
Backdrop 727,9675703
AC Portable 8946,1649417
Proyektor 2869,7148527
Tas 7613,2256185
Voucher 7841,4280103
Goodie Bag 2987,8015101
Backdrop 1034,3910918
Voucher 7499,1416225
Meja 4808,4762426
Kaos 718,9132292
Kaos 687,6865954
Proyektor 5081,4335249
Notebook 6525,3181246
Tumbler 7757,101762
Laptop 600,129354
Goodie Bag 3132,9707015
Printer 5849,8776777
Meja 5439,1986835
Laptop 2040,8730156
AC Portable 7160,130696
Drone 7205,6301957
Drone 5555,3456353
Spanduk 8130,5309951
Voucher 8152,6869282
AC Portable 8508,6087878
Laptop 1354,1798169
Kamera 1294,2606753
Kamera 9871,7158295
Spanduk 8938,9830882
Printer 5263,4265251
Sound System 1312,4393935
Proyektor 4844,9004347
Printer 7306,7116183
Gantungan Kunci 6982,9483594
Spanduk 7273,6144489
AC Portable 7326,4633138
Meja 5777,6678174
Gantungan Kunci 7127,3427412
Laptop 940,6942818
Tenda 6656,9272783
AC Portable 8407,9364349
Tas 2622,8104465
Kursi 2340,3008417
Gantungan Kunci 7180,6221142
Meja 2069,9390037
Tenda 3867,9319867
Goodie Bag 6002,8126148
AC Portable 6273,4267682
Kipas 531,5154785
Gantungan Kunci 2514,9701378
Tas 7372,5787340
AC Portable 6096,6689508
Souvenir 1260,2326405
Kipas 2256,2007927
Notebook 6013,3864922
Drone 5151,7502618
Goodie Bag 4567,2724471
Kursi 3049,1692396
Pulpen 8483,3608010
Drone 9203,8538589
Sound System 4289,6730296
Laptop 7312,5688044
Kaos 4679,9247136
Voucher 8048,883301
Kaos 2010,2706736
Backdrop 1214,6538076
Souvenir 2829,98762
Voucher 7293,1538212
Tenda 5237,2448206
Tas 5693,7923286
Voucher 1064,7314421
Tumbler 8883,1488755
Printer 4915,1085091
Spanduk 2853,4423951
AC Portable 8336,3730687
Banner 1989,6231581
Kaos 2276,1352843
Banner 8095,643429
Kursi 5913,6457920
Tumbler 9377,6731705
AC Portable 7658,8751022
Tumbler 2127,4816156
Gantungan Kunci 1413,974069
Tenda 5068,2950561
Drone 7843,8304125
Notebook 6731,7374728
Kamera 9420,189690
Tenda 2054,3394085
Proyektor 1216,8703169
Souvenir 7633,4808393
Tas 8477,3277304
AC Portable 2103,573871
Tumbler 9631,8575571
Spanduk 2115,8663916
Kamera 8239,3896793
Meja 2035,2853451
Notebook 2508,615005
Printer 2698,6045435
Spanduk 5287,4024060
Voucher 3695,14819
AC Portable 8502,2651484
Printer 1293,1466980
Laptop 3217,4639452
Goodie Bag 9025,6711385
Laptop 2051,5934499
Goodie Bag 4962,6639401
Gantungan Kunci 8741,6812338
Tenda 8235,9842793
Goodie Bag 2763,3370650
Kipas 9514,8696281
Backdrop 2805,267807
Tas 9915,1161205
Proyektor 9235,1522732
Meja 465,9230634
Tenda 745,4783013
Goodie Bag 9450,9390374
Laptop 3454,9789983
Kipas 6826,5850069
Gantungan Kunci 497,5839664
Pulpen 8939,4649031
Printer 4950,3806608
Pulpen 4013,3273591
Tas 6654,7639590
Printer 7431,6787264
Tenda 982,9655334
Spanduk 7203,88038
Kamera 7934,4390657
Souvenir 3343,2946596
Proyektor 9940,6840585
Backdrop 5122,8503265
Voucher 5232,1796185
AC Portable 6533,9382268
Backdrop 6071,1224435
Notebook 9203,8451777
Sound System 5229,4946726
Banner 7643,5713681
Sound System 4383,1973085
Souvenir 4062,8621521
Backdrop 1587,4333377
Meja 4755,9034521
Drone 6851,9655118
Banner 2617,4206677
Proyektor 9465,7438425
Proyektor 3111,6336357
Spanduk 8164,9458401
Notebook 7649,8123963
Pulpen 5056,4091447
Pulpen 380,5708561
Tenda 6443,7708199
Notebook 7492,7739606
Banner 3525,9855315
Kipas 5782,468868
Meja 829,8096117
Printer 8109,1960658
Gantungan Kunci 7711,4335497
Printer 8794,1143372
Kursi 1762,6430191
Kamera 2195,3707401
Laptop 5993,3867587
Drone 5996,5307082
Meja 6564,6929359
Meja 9344,5933972
Tumbler 3190,8675502
AC Portable 9065,8996747
Printer 1205,173128
Drone 8262,4428274
Souvenir 9009,4175071
Laptop 1947,4829919
Backdrop 1585,1570439
Drone 6115,6702945
Proyektor 9140,5747688
AC Portable 2364,1285551
Kaos 9871,9313830
Notebook 6577,3004493
Notebook 660,8005273
Meja 638,5275911
Backdrop 5457,5941382
Pulpen 8509,3676931
Souvenir 2441,9635300
Gantungan Kunci 8447,4524342
Backdrop 5374,3076614
Gantungan Kunci 5219,3200481
Spanduk 6439,8381819
Gantungan Kunci 4903,3359848
Kipas 5512,3950319
Notebook 8352,4071034
Tumbler 8026,4462763
Voucher 9223,3479169
Printer 7781,3855464
Kursi 6036,3411858
Proyektor 1796,4199194
Kamera 9564,5983148
Printer 437,2627171
Gantungan Kunci 7776,1799949
Laptop 9478,2021227
Kipas 3729,1326802
Meja 9561,8275544
Pulpen 2794,121126
Notebook 6230,9094425
Backdrop 3969,719057
Meja 9381,8101518
Voucher 1801,6237644
Kaos 311,5301817
Souvenir 5140,8270100
Kamera 2482,9648835
Kamera 3341,4619255
Kamera 8222,8244347
Gantungan Kunci 7727,3078080
Meja 2263,8585399
Notebook 3398,4712093
Tumbler 5326,6685310
Tas 7838,3736098
Notebook 6174,9684836
Proyektor 2838,2161610
Souvenir 8735,918455
Proyektor 8951,8830377
AC Portable 4332,7109712
Gantungan Kunci 7933,8034879
Kaos 4039,9082580
Laptop 9144,556310
Printer 3685,8440135
Printer 4736,5836541
Voucher 3397,6615473
Voucher 8012,2942663
Proyektor 7862,7680476
AC Portable 9184,2029442
Laptop 4716,8704039
Sound System 9396,7728703
Tas 8900,5305749
Drone 6465,151240
AC Portable 2400,208306
Printer 690,3545838
Printer 1295,6375745
AC Portable 7248,9757700
Goodie Bag 4202,1700268
Pulpen 3506,5469913
Kaos 8825,6076680
Laptop 9209,4367055
Voucher 4451,3149896
Backdrop 1790,9213366
Gantungan Kunci 9615,4419875
Banner 3973,3988534
Meja 8701,4529920
Banner 3815,7917862
Meja 1642,5766203
Kamera 5412,6149188
Voucher 7740,3095559
Sound System 2253,8377972
Kursi 9017,7122581
Spanduk 6667,3542148
Goodie Bag 7794,7041212
Pulpen 3268,6256319
Printer 970,6134992
Tenda 9407,6730828
Banner 8768,4701405
Meja 2869,7571977
Kamera 2881,3028040
Meja 6505,9596664
Pulpen 3053,2210150
Printer 614,9671876
Kursi 4889,3844713
Kipas 9876,1685536
Sound System 5490,4538994
Printer 7445,3966154
Goodie Bag 8902,9327059
Notebook 8093,7261427
Backdrop 8262,6400162
Souvenir 4471,3299394
Kaos 1846,2456851
Proyektor 2663,2519000
Souvenir 4216,7945405
Voucher 3051,173448
Kursi 5524,2972978
Printer 9303,7081943
Tas 3165,8391860
Spanduk 6644,2266060
Kamera 8443,8683937
Proyektor 1422,8968741
Drone 1563,5307024
Spanduk 2304,8174132
Pulpen 5302,5043738
Banner 112,4220645
Laptop 6285,9441118
Banner 7320,9536682
Laptop 5401,810429
Printer 9544,6694074
Kipas 188,1670521
Laptop 5891,2750422
Voucher 3872,1017243
Meja 1937,3624941
Souvenir 5027,4276272
Spanduk 6643,8005004
Tas 8234,1625677
Voucher 5096,7557311
Voucher 1924,5624605
Goodie Bag 4834,4368202
AC Portable 3619,6065937
Banner 2189,6054941
Pulpen 2510,9411113
Souvenir 9925,9363155
AC Portable 6814,4333737
Voucher 8999,5783715
Pulpen 8807,342781
Tas 3579,6918201
Banner 9762,2044027
Tenda 8610,5900320
Souvenir 8654,3347963
Voucher 5928,9688000
Tenda 9244,9671905
Sound System 1012,9043494
Tumbler 8282,2938275
Kaos 9384,4784942
Tumbler 2456,5967741
Spanduk 5376,5464109
Notebook 7240,8573838
Sound System 3366,8188787
Voucher 9555,7508243
Pulpen 1490,1325459
Notebook 7299,6403310
Meja 7430,4817067
Backdrop 8410,7790468
Kamera 7485,2440151
Kipas 946,2821450
Tumbler 7576,5670436
Tas 5050,7086906
Kursi 6488,9600487
Laptop 50,6800959
Kaos 9476,1206955
Tenda 743,1337277
Kamera 5645,2727900
Voucher 1045,5775079
Tumbler 988,3838861
Tenda 7735,5269356
Meja 4704,5326334
Kamera 2949,4898148
Backdrop 6888,4497442
AC Portable 6267,6644639
Souvenir 6185,4560787
Drone 1315,7474156
Tas 8836,6102894
Backdrop 5698,9856879
Sound System 2925,8749850
Tumbler 6440,7564590
Notebook 2087,6955583
Banner 57,2817132
Souvenir 8921,3095098
Kamera 8716,397572
Drone 3763,2107821
Banner 7547,3946391
AC Portable 2542,4231936
Laptop 3089,1353263
Sound System 528,3542803
Tas 6869,2810292
Gantungan Kunci 257,6671319
Banner 3377,1738209
Tenda 1654,1613125
Gantungan Kunci 551,1080258
Souvenir 9795,7948740
Tas 798,9211191
Banner 725,913041
Drone 7192,452329
Banner 8844,6670764
Kaos 925,8800972
Backdrop 8256,1406723
Printer 3837,1753629
Kipas 5225,4413218
Kipas 9797,2615071
Tas 5254,1424508
Banner 4945,6550534
Backdrop 8541,5200378
Banner 6776,3857954
Printer 4509,4160624
Meja 9122,4777670
Kipas 2870,7444998
Goodie Bag 7000,2130836
Tumbler 8121,2212464
Meja 5643,8847269
Goodie Bag 6245,2872327
Notebook 5223,489346
Voucher 6822,599802
Kamera 2445,5996802
Printer 6168,5465972
Spanduk 8814,7998550
Pulpen 3949,7848205
Banner 4928,9079497
Voucher 2366,4580355
Souvenir 945,9213062
Tumbler 6762,7473259
Kamera 9131,2276851
Notebook 2197,9057744
Drone 3979,2980181
Laptop 3332,9922498
Proyektor 1296,7669527
Souvenir 6080,9472089
Tenda 8776,7307709
Kaos 845,8792198
Laptop 6180,8965411
Tas 9912,5205254
Gantungan Kunci 648,5834517
Tenda 3083,8090774
Kipas 9157,9064128
Kaos 7855,3820582
Kaos 5456,1512467
Printer 252,7423185
Kaos 3114,5175171
Sound System 7847,6146825
Banner 9903,6925632
Voucher 3351,4368838
Drone 3922,2622506
Tumbler 5270,5103108
Printer 6237,187097
Souvenir 8744,11549
Goodie Bag 5887,8789789
Printer 4286,2296742
AC Portable 8402,5779431
Pulpen 7636,4821072
Sound System 7693,7881835
Proyektor 3329,8987469
AC Portable 5127,149537
Kamera 750,8263243
Kipas 3626,8013857
Backdrop 266,5036630
Laptop 9066,163219
Kipas 9489,7231506
Kamera 4837,4924425
Backdrop 3215,3889150
Proyektor 3769,131097
Drone 9336,9207474
Banner 8181,6278704
Tumbler 5531,3173696
Laptop 8006,6917781
Goodie Bag 8038,9414541
Souvenir 2757,7343427
AC Portable 2774,6632840
Backdrop 8955,4202561
Pulpen 3016,2749207
Tumbler 963,6548471
Notebook 555,6357794
Tenda 795,3710926
Kursi 6757,4422076
Backdrop 3792,1338918
Tenda 2475,7094001
Kursi 3584,4029180
Notebook 7472,8677278
AC Portable 991,4571139
Gantungan Kunci 7917,4786085
Tas 7994,8934543
Kursi 109,4520085
Tumbler 9039,6937377
Kamera 195,3164127
Kursi 8674,1158634
Laptop 8778,3070284
Printer 281,2302170
Notebook 7055,4868602
Spanduk 1754,1861472
Sound System 8592,7649388
Backdrop 3949,7606173
Kaos 8626,4575653
Laptop 5808,8264323
Laptop 6503,3160584
Tenda 6113,5389509
Drone 7521,335400
Kipas 3985,2562641
Voucher 3701,842687
Printer 1321,8985319
Goodie Bag 520,381294
Tenda 6641,3129515
Drone 6180,1725864
Tumbler 7799,4743096
Meja 155,4526344
Voucher 2808,2107809
Tenda 8190,7365410
Kamera 5428,147641
Kipas 1563,3915912
Notebook 698,1523254
Banner 3464,2538052
Voucher 9287,257041
Pulpen 4442,8290890
Meja 1219,3653811
Tas 4594,5746345
Tumbler 9233,7060508
Tas 540,5237389
Spanduk 5153,8371693
Kursi 3395,6241009
Kipas 2363,7789334
Voucher 6526,542460
Tenda 4904,5550652
Spanduk 9240,1355920
Banner 9285,2460947
Drone 8857,950167
Proyektor 6289,4481188
Backdrop 1285,6593744
Notebook 5667,1207636
Meja 1601,9123248
Kamera 3804,7897754
Tenda 5581,3056805
Gantungan Kunci 9759,3234451
Drone 5348,4205637
Kursi 4479,6411806
Souvenir 8039,221652
Banner 5830,2056175
Tumbler 6151,4186895
Kamera 3044,6465837
Tas 9599,7441651
Tas 6228,4156693
Tenda 4840,572209
Banner 1205,3351683
Tenda 4391,7741522
Backdrop 6226,1586392
Voucher 2528,8753263
AC Portable 1746,3507162
Tenda 86,7942696
Printer 7287,6538399
AC Portable 4420,5246326
Sound System 2171,5430100
Tenda 3071,2671058
Kamera 7354,717762
Tumbler 9089,9230421
Notebook 6686,8749692
Sound System 431,2059194
Tenda 5799,4259882
Tumbler 1525,8083692
Gantungan Kunci 9799,5023251
Proyektor 6312,3344029
Kursi 4782,6056955
Kamera 6354,883883
Tenda 9168,3663880
Banner 9371,1904625
Notebook 2779,3968849
Tas 6238,7294023
Spanduk 2275,5454432
Laptop 4934,262794
Laptop 8080,2817840
Backdrop 1037,4642190
Spanduk 7122,9819585
Laptop 6900,2017387
Printer 7934,6650561
Tenda 5917,4088362
Laptop 4041,159818
Goodie Bag 8124,714531
Gantungan Kunci 3204,9758854
Souvenir 1753,7983718
Backdrop 4992,2610333
Kursi 6484,6241035
Proyektor 6225,1511223
Proyektor 7213,4182867
Proyektor 7056,2655741
Goodie Bag 9739,8397252
Backdrop 4923,1543463
Proyektor 9884,5687780
Voucher 3291,1017511
Pulpen 5148,1012860
Spanduk 6525,5974596
Proyektor 4776,2592322
Voucher 8045,9008515
Kipas 3972,1811733
Proyektor 6162,2121034
Laptop 6438,8194645
AC Portable 1866,3913632
Kipas 3274,5324007
Kipas 8940,9377565
Spanduk 9013,5837024
Kursi 7564,7370481
Voucher 3435,3247420
Souvenir 4774,368241
Voucher 1134,6347911
Kamera 8181,6019053
Backdrop 4962,2270430
Banner 4140,4215984
Tas 2526,672507
Voucher 6933,8152018
Drone 1212,7350032
Souvenir 9797,9388879
Pulpen 9540,4954490
Drone 8756,9115566
Notebook 6854,8232379
Tumbler 603,3193910
AC Portable 8797,9517677
Gantungan Kunci 1393,3141076
Sound System 4068,9130439
Tas 5817,5842845
Spanduk 726,5440463
Kipas 6548,7868359
Proyektor 7053,4629177
Sound System 173,9313307
Sound System 4240,2700116
Banner 8367,1165557
Notebook 9143,8921007
Kipas 9425,2610895
Banner 7304,7549415
AC Portable 6409,4970564
Souvenir 9644,4428267
Voucher 8200,9096640
Backdrop 5652,6169129
Kursi 7910,7628181
Sound System 4841,22076
Kamera 1407,8498562
Sound System 2322,6369295
AC Portable 5111,3122748
Proyektor 7461,324067
Kaos 8538,6118168
Pulpen 5707,4016173
Pulpen 1600,5390354
Souvenir 7413,1072698
Proyektor 1101,9052189
Printer 733,6511017
Voucher 1886,3195480
Kursi 5621,8802431
Goodie Bag 1792,8357489
Tas 2693,9262094
Banner 8455,2595897
Spanduk 9043,4760117
Spanduk 5423,5422330
Tumbler 6986,6885379
Souvenir 3799,5412667
Drone 3023,1863280
Spanduk 7081,1624912
Drone 479,8787848
Gantungan Kunci 3233,1128702
Souvenir 9703,744460
Kamera 6371,2187250
Kursi 3520,3007061
Kaos 4561,534686
Voucher 1026,3400323
Kipas 1668,1806087
Tumbler 3064,8153162
AC Portable 5341,3224793
Kaos 7497,1666810
Sound System 4299,543803
Tas 8020,9589994
Notebook 5135,6529606
Gantungan Kunci 6368,8229319
Gantungan Kunci 6432,8831818
Kipas 1872,9913605
AC Portable 5767,4303936
Souvenir 2827,833520
Tas 4874,6156400
Gantungan Kunci 9670,3713113
Tenda 2195,1199067
Proyektor 1932,229548
Banner 5004,3512044
Sound System 3000,8254416
AC Portable 2317,1351452
Notebook 6365,7862729
Kamera 9772,1028380
Backdrop 9418,6065334
Drone 6932,9372020
Spanduk 7974,6988536
Goodie Bag 8805,6201944
Voucher 2839,988112
Tumbler 2734,4469646
Pulpen 4733,8885496
Backdrop 3066,692046
Proyektor 7390,1190916
Gantungan Kunci 879,5108672
AC Portable 158,1317538
Pulpen 2237,3632201
Kaos 6291,8725516
Goodie Bag 8110,1639390
Kamera 8057,1708275
Kamera 7273,3885838
Pulpen 2741,8929792
Tenda 9264,6474782
Kursi 3614,3188618
Printer 536,3250006
Laptop 3684,8838037
Tumbler 4730,4183551
Spanduk 7493,9573477
Kipas 8116,3011408
Tumbler 8370,9378791
Sound System 9384,9374062
Sound System 4390,6975641
Tumbler 6011,1780234
Tumbler 682,9683133
Souvenir 8952,6015628
Kaos 6966,7706054
Sound System 4056,7175129
Printer 529,1756548
Souvenir 4306,2808595
AC Portable 1426,3036551
Souvenir 1924,9236889
Banner 3439,6747011
Kipas 5745,8477339
Voucher 9999,5672526
Goodie Bag 7016,2663760
Spanduk 2282,8967363
Kaos 3391,7442510
Meja 9341,5921017
AC Portable 8721,5297423
Laptop 9779,9238833
Tumbler 2759,5456792
Proyektor 4795,6246418
Printer 9384,6927972
Laptop 8429,7234069
Tas 1561,5436605
Backdrop 6744,4048654
Meja 4544,9458000
Goodie Bag 2079,9164089
Voucher 2175,3599118
Banner 2397,6302514
Voucher 5278,9241473
Banner 6435,4272908
Pulpen 2330,6049941
Kipas 4403,7600070
Goodie Bag 6787,7517800
Drone 7406,6672074
Tenda 1526,13282
Drone 8448,591546
Laptop 6047,4782818
Souvenir 7997,283509
Proyektor 9535,8694044
Kursi 1527,2276362
Souvenir 5870,5074062
Tenda 8757,120206
Drone 3569,5048767
Kamera 3471,3732641
Pulpen 4400,3614128
Proyektor 4647,5293223
Proyektor 8968,374088
Kipas 2140,4639792
Kipas 7952,9298926
Proyektor 794,8587712
Meja 1632,9343552
Goodie Bag 7530,9584223
Kursi 2036,9600055
Spanduk 7231,2605683
Souvenir 12,1591875
Kamera 3315,643110
Voucher 2162,7733723
Goodie Bag 4946,5976913
Spanduk 4490,2629042
Tenda 5906,2332104
Laptop 1351,4455763
AC Portable 2712,6168628
Meja 6494,9776952
Goodie Bag 5006,4201903
Voucher 3837,3918993
Kamera 1495,4309058
Voucher 1560,5048238
Kursi 3497,1551912
Pulpen 1277,9581186
Backdrop 9727,6717501
Banner 8511,9557325
Tas 7292,3657992
Kursi 133,1305227
Voucher 5630,5457428
Sound System 6920,8105563
Voucher 2166,2910822
Pulpen 1161,8201918
Banner 6277,9677576
Tenda 1679,1609943
Sound System 5134,9996322
AC Portable 4903,5049762
Backdrop 6271,636991
Backdrop 2341,9678436
Kipas 139,6411281
Gantungan Kunci 2689,1326632
Souvenir 5754,948227
Kaos 2481,5620127
Kamera 7249,5847300
Kaos 1421,7296418
Sound System 2294,6998074
Sound System 9660,2032334
Drone 5760,3813691
Kamera 5153,201837
Backdrop 4060,6427066
Laptop 1381,918116
Banner 9067,5123416
Gantungan Kunci 9831,8807692
Gantungan Kunci 4669,700923
Voucher 440,5367242
Tas 4943,9068517
Kaos 8483,9487665
Gantungan Kunci 8349,2519536
Kaos 6419,5493324
Printer 895,8438900
Banner 8109,3714361
Drone 1848,2580227
Banner 8186,857581
Goodie Bag 9731,6601477
Tenda 8656,7486199
Kursi 5917,9994661
Proyektor 2163,9661174
Drone 9313,8477953
Kamera 5987,1521341
Tumbler 2831,3735978
Pulpen 1196,7256678
Kursi 9624,4871752
Tenda 226,6625632
Laptop 3535,2493236
Meja 991,2227764
Drone 8301,5649966
Printer 8210,1394877
Kamera 6940,7993516
Voucher 6591,9597182
Tenda 8792,837302
Tumbler 2502,9206471
Laptop 1370,6707318
Notebook 3330,4414991
Backdrop 8789,1437388
Proyektor 6402,6696174
Kipas 1084,8429194
Printer 7168,7299551
Banner 949,2197332
Banner 1413,2272755
Kamera 1901,8078540
Souvenir 9976,9393432
Meja 5068,3333709
Tas 2878,8194951
Sound System 208,6642348
Voucher 2249,9595338
Voucher 186,3300000
Spanduk 8134,9424830
AC Portable 8569,8805418
Notebook 4248,4141319
Spanduk 6093,4075372
Backdrop 4404,1211986
Sound System 481,4477052
Proyektor 7035,7225305
Laptop 8583,5435946
Tenda 4309,9673982
Voucher 9448,1513148
Goodie Bag 1263,1897937
Pulpen 7458,6948755
Notebook 5901,7115832
Meja 8186,6138174
Kipas 2735,5853636
AC Portable 2578,3205887
Laptop 1686,5391096
Kipas 1890,5790168
Banner 8337,9973605
Kursi 722,416123
Kursi 4007,5124011
Meja 7730,2849632
AC Portable 6275,5877267
Backdrop 2933,7429054
Meja 9059,2456428
Voucher 6871,7399750
Banner 5273,762920
Banner 6820,3927305
Proyektor 4445,3360161
Tenda 9365,6281672
AC Portable 1957,2627098
Notebook 863,1449727
Spanduk 3657,1895284
Notebook 753,924996
Drone 1130,4087673
Souvenir 4626,2487610
Printer 5363,4836554
Tenda 9062,240406
Souvenir 131,5769137
AC Portable 3288,1876934
Printer 9238,5129031
Printer 3975,7560780
Souvenir 6034,7915261
Kipas 8084,391650
Kaos 8955,5577967
Banner 2467,3516598
Kursi 6719,9036233
Kursi 3818,3564677
Tumbler 5676,3429219
Goodie Bag 158,9177477
Proyektor 24,8788944
Tas 6165,4349561
Printer 1704,9217337
Kaos 8681,8113837
Banner 6879,2381416
Pulpen 982,318508
Backdrop 4585,6328411
Tenda 720,9791199
Banner 8516,8848222
Kamera 6103,739507
Souvenir 1392,4295846
Kipas 1566,2867489
Notebook 2188,1018479
Goodie Bag 6462,4774956
Tenda 9698,3377121
Kipas 1021,4561347
Kamera 2142,900622
Banner 4779,7810748
Laptop 5162,149824
Drone 5346,1127325
Proyektor 7418,6530383
Laptop 3828,4561832
Tenda 3322,6053474
Backdrop 9580,1820117
Sound System 2547,330081
Sound System 2694,4917261
Souvenir 7636,6494783
Proyektor 6661,3888365
Sound System 8781,6397106
AC Portable 3402,8541890
Souvenir 5052,1681072
Souvenir 4342,5302472
Sound System 1482,8141281
Spanduk 4985,8928107
Voucher 9885,1486741
Meja 3523,3137564
Proyektor 2431,3346572
AC Portable 6493,8409526
Notebook 803,7693734
Tas 4897,9416775
Laptop 2849,370516
Kursi 6626,676934
Souvenir 9109,4160551
Tumbler 4094,8892115
Sound System 7571,5125834
Sound System 196,5606369
Meja 3642,8229709
Backdrop 3247,6610153
Drone 6099,2644111
Tas 1377,318234
Kipas 9603,5828001
Laptop 1229,5914121
Kursi 1057,5972255
Kaos 7266,5082192
Backdrop 1507,3972858
Proyektor 2008,8419604
Meja 7553,4638469
Meja 2753,1050350
Kipas 7097,4333142
Drone 8129,6505644
Kursi 6271,504355
Tas 6991,9320337
Spanduk 5800,4710872
Kaos 3067,3794649
Laptop 4586,2555240
Souvenir 2436,5744220
Meja 4027,6600872
Goodie Bag 4836,2312852
Pulpen 6751,1482955
Tumbler 7849,6422371
Meja 1438,8746195
Laptop 6276,3825608
Backdrop 6869,7011691
Kaos 8615,4042585
Banner 8908,9621642
Kursi 6267,2572705
Voucher 5884,7164895
Pulpen 8922,5250913
Pulpen 5637,5534481
Kipas 8232,7545808
Proyektor 6364,9107172
Laptop 2947,2220769
Kursi 5225,3478811
Gantungan Kunci 3589,2334928
Kursi 4603,9758077
Meja 7729,9092410
Notebook 5857,3404202
Kipas 3814,2327095
Spanduk 1641,5194132
Banner 3952,8797997
Laptop 8744,2279160
Meja 3595,7225281
Kipas 6364,2445253
AC Portable 2847,9486514
Spanduk 3876,2661604
Kipas 5211,5336702
Voucher 5879,1147730
Kipas 463,9360618
Voucher 5762,8951610
Kipas 9235,1996209
Backdrop 9226,3099276
Kaos 8065,5338403
Tumbler 5064,2451467
Spanduk 8036,504648
Meja 1479,5356688
Meja 3812,6956441
Gantungan Kunci 3585,6909659
Kursi 8626,5099336
Pulpen 12,7442381
Proyektor 3301,4603537
Backdrop 5583,2559416
Voucher 2908,3163002
Proyektor 976,1801327
Kursi 2421,2216973
Kipas 2321,3109531
Sound System 8623,449533
AC Portable 1189,4487211
AC Portable 6482,9523404
Kipas 1656,3884049
Proyektor 4945,3905376
Proyektor 2236,3884066
Spanduk 7158,447625
Goodie Bag 7983,6037405
Goodie Bag 5199,1343376
Spanduk 9208,8006058
Voucher 5847,2259600
Banner 9650,8437608
Spanduk 6200,7874546
Printer 4826,6283997
Backdrop 2912,3096613
Kursi 9386,6510504
Drone 9298,8255088
Meja 2984,7959832
Gantungan Kunci 5214,2317080
Gantungan Kunci 3620,2757879
Goodie Bag 9266,3252361
Sound System 8130,3806232
Backdrop 5426,550722
Tenda 3900,6864988
AC Portable 5235,261897
Spanduk 1454,4537477
Voucher 5501,6939728
Souvenir 187,3743840
Laptop 3436,3412982
Banner 1111,3441982
AC Portable 4206,1119583
Sound System 21,2980879
Meja 6324,7379982
Souvenir 6876,8229877
Spanduk 6784,5460844
Pulpen 6205,7686330
AC Portable 8947,4150345
Drone 1662,7183194
Pulpen 9471,6802537
Goodie Bag 3696,711728
Spanduk 7394,6391619
Tenda 548,5259548
Printer 329,6622751
Proyektor 4279,9605467
Sound System 1216,9972408
Proyektor 2788,9005261
Drone 2637,8821906
Tenda 8963,656123
Tenda 5537,8745042
Gantungan Kunci 7910,1844023
Voucher 508,7586751
Kamera 2704,7675517
Gantungan Kunci 7114,721620
Spanduk 878,4132525
Sound System 5425,8712386
Kaos 3113,9033946
Kamera 9079,6647254
Tumbler 4347,668532
Tas 4613,9366669
Printer 3892,6509457
Sound System 814,8669168
Drone 9368,837040
Tumbler 8044,3195160
Backdrop 894,4895179
AC Portable 63,7384490
Kamera 1436,6688001
Printer 9834,5119570
Pulpen 3272,4806850
Sound System 422,7750121
Kaos 2799,2803181
Goodie Bag 4782,7097739
Tenda 7759,4949543
Sound System 5053,925141
Drone 7716,8683311
Pulpen 4342,2396384
Tenda 8915,7787564
Drone 3030,7588236
AC Portable 6250,1527344
AC Portable 3057,8409643
Souvenir 732,1908704
Laptop 7205,3026063
Souvenir 4316,9832182
Banner 4401,9177190
Kipas 1010,2280069
Tenda 5633,6604565
Tumbler 6783,6948373
Kipas 3728,5436773
Tumbler 1000,7574609
Drone 8562,427955
Kamera 8774,3011084
Tas 7780,7621499
Kipas 3861,9913850
Pulpen 4897,3397856
Tenda 6469,7638318
Voucher 569,1522963
Notebook 9359,4205684
Notebook 9364,5447072
Tas 2416,2761363
Sound System 7358,2082728
Spanduk 2739,1539935
Kaos 3158,1925369
Backdrop 700,7549654
Kamera 1284,6099179
Tas 7134,1441206
Kaos 2423,8798196
Gantungan Kunci 4226,6453916
Proyektor 1098,8594338
Tenda 6359,2692671
Tumbler 6511,6363173
Tumbler 5344,9243271
Laptop 8515,6395526
Souvenir 203,746621
Voucher 9627,2876974
Notebook 6875,5633607
Sound System 6791,9497374
Backdrop 2429,2528087
Kipas 9633,2729990
Kipas 1642,2436109
Sound System 9220,3010886
Sound System 4688,870847
Tumbler 5634,7049412
Kamera 4328,5178426
Drone 7956,5202855
Kipas 9978,7496970
Pulpen 614,4854933
Spanduk 4513,3041576
Drone 2357,1982228
Gantungan Kunci 9973,2217395
Tas 6582,3413286
Meja 6485,69272
Proyektor 3893,4256497
Meja 7786,214812
Laptop 6103,7704746
Kursi 5536,8358805
Printer 5095,8375828
Laptop 8055,9128436
Voucher 1610,106478
Banner 2202,8288999
Printer 7260,4000936
Proyektor 4415,3648539
Kamera 9912,9889470
Goodie Bag 1463,7991122
Kaos 7238,7622468
Kaos 6672,6891198
Pulpen 8463,7423438
AC Portable 921,1342193
Notebook 2605,120277
Tenda 5098,4115605
Voucher 8304,9192868
Drone 2223,4675960
Notebook 9318,9364114
Kursi 2847,3493580
Kaos 3289,830721
Meja 4088,3111100
Meja 7479,2497325
Meja 5905,933819
Voucher 3263,5865581
Laptop 6036,626077
Souvenir 8276,2448977
Drone 2030,554120
Tas 501,9708786
Banner 6103,5017018
Pulpen 9733,5565122
Souvenir 2910,1481406
Pulpen 9616,832609
Tumbler 5731,1836831
AC Portable 2680,7005376
Laptop 1481,3000511
Printer 450,2716755
Drone 814,4781113
Spanduk 9376,9991923
Kaos 3627,9611308
Goodie Bag 3689,9441768
Tas 3388,2986601
Laptop 6710,7649301
Notebook 329,9723442
Tas 146,6052962
Pulpen 2168,611296
Goodie Bag 2838,1572399
Gantungan Kunci 139,5031328
Banner 4136,5426051
Gantungan Kunci 5005,6193568
Voucher 4512,6367547
Kamera 6169,1145258
AC Portable 7521,7179304
Laptop 3576,9245372
Souvenir 4951,1099275
Tas 8531,4922917
Gantungan Kunci 6507,7908995
Kipas 1677,2267303
Kursi 8381,2057210
Tas 6132,4613979
Tumbler 9729,5533202
Gantungan Kunci 4632,8852477
Printer 1772,6951705
Pulpen 1046,8812102
Proyektor 4530,3530621
Goodie Bag 5328,3517293
Laptop 4279,986175
Goodie Bag 4896,1843787
Kaos 2457,9595948
Notebook 3938,8884251
Meja 9831,1480854
Drone 5237,8124518
Tas 2293,4828203
Kursi 8149,7174770
Printer 4251,5319796
Kamera 6629,4366372
Drone 579,8824602
Kipas 9373,9659293
Kaos 5623,5946673
Voucher 3644,2186225
Tas 8760,9449437
Goodie Bag 7795,8338158
Tas 5874,8729216
Notebook 4919,8360710
Spanduk 9147,8272853
Spanduk 4814,3028342
Sound System 7714,3914421
Backdrop 4238,4883580
Tumbler 3000,3257321
Tas 5500,36523
Goodie Bag 1464,1993186
Banner 5821,412431
Banner 5032,7809486
Kamera 5429,1988465
AC Portable 4270,3488434
Kipas 4818,6966372
Souvenir 1930,6956457
Pulpen 880,773232
Goodie Bag 9562,5610104
Kipas 1167,5876154
Pulpen 3188,9412211
Notebook 1964,3572439
Tas 6254,199536
Notebook 4889,3385360
Kamera 886,4734912
Backdrop 2251,4278417
Kaos 5615,1148100
Kamera 9330,5173566
Souvenir 2347,5047929
Proyektor 2955,8510841
Tenda 7989,9237361
Proyektor 2898,5444540
Proyektor 951,112865
Kursi 7407,1919863
Laptop 3431,5601559
Spanduk 9442,5737097
Spanduk 8022,6654605
Tenda 2121,9554919
Gantungan Kunci 7106,498508
Goodie Bag 7036,2956567
Drone 7030,3265041
Pulpen 6281,5555118
Kursi 619,5679639
Tumbler 3268,8048102
AC Portable 231,7970796
Proyektor 8701,606568
Kaos 294,2287572
Tas 68,8088154
Goodie Bag 4077,2616949
Banner 5642,7737886
Printer 2113,9018820
Sound System 6285,5632207
Notebook 9645,7768960
Printer 2737,6954979
Tenda 750,949897
Printer 4765,8752158
Souvenir 8525,5032154
Gantungan Kunci 8588,9488164
Proyektor 7106,5303259
Tas 2193,9324327
Proyektor 8032,9000666
AC Portable 3088,324043
Spanduk 6610,3504064
Kursi 3743,9697124
Banner 2150,5575326
Kaos 360,5942348
Kipas 8268,1120870
Spanduk 2018,2514920
AC Portable 613,4715338
Drone 4191,532998
Tumbler 797,5700033
Gantungan Kunci 786,6305495
Tas 1772,8973616
Goodie Bag 324,2794505
